Id,SalePrice
1461.0,117568.95776164206
1462.0,150115.68053121818
1463.0,167068.68883004133
1464.0,189495.13846716844
1465.0,206751.22151037864
1466.0,182505.89927333756
1468.0,175838.2378250442
1469.0,205422.81084669894
1470.0,89598.04630220938
1471.0,206305.20490538934
1472.0,131274.45946906088
1473.0,120440.19482573611
1474.0,160833.3398192951
1475.0,139582.5298298141
1476.0,329743.12606601976
1477.0,267470.1237327985
1478.0,311546.42811278976
1479.0,285796.2024754295
1480.0,423242.26672409754
1481.0,298495.1870610232
1482.0,239861.26830487233
1483.0,177530.29085748503
1484.0,186146.60793547053
1485.0,188831.49847624288
1486.0,213988.6034503486
1487.0,307759.5485326811
1489.0,201051.83042762172
1490.0,201799.58907645335
1491.0,208928.78706386592
1492.0,93067.56980495714
1493.0,206999.88480155356
1494.0,299593.80955078034
1495.0,280227.53459618986
1496.0,220209.25821900624
1497.0,197643.7960724486
1498.0,174179.9567307788
1499.0,170243.93974902737
1500.0,158725.97429348435
1503.0,266846.0708296327
1504.0,247374.2229485819
1505.0,225080.00517279888
1507.0,242781.13528171508
1509.0,161408.04453849047
1510.0,139165.93458915642
1511.0,132814.45740900422
1512.0,157405.4160698012
1515.0,218424.18883398199
1516.0,164457.36179114203
1517.0,171706.63161091413
1518.0,155283.03929476836
1519.0,237044.17092254455
1521.0,122027.83716588886
1522.0,199246.28941271943
1523.0,86649.87461492862
1524.0,95922.32456821692
1525.0,99995.86174538056
1526.0,99161.90978228068
1527.0,94362.57199444156
1528.0,142502.630369602
1529.0,125548.58205543947
1530.0,189720.30999724218
1531.0,149604.14014194766
1533.0,137264.4721434305
1534.0,140092.9246681265
1535.0,159356.97458494874
1537.0,57659.85764206294
1538.0,189323.71990376106
1539.0,213991.1204771432
1541.0,159693.1623888889
1542.0,147299.54551808
1544.0,47845.97022863664
1545.0,106737.01777432743
1546.0,150284.20051169023
1547.0,142696.5146355054
1548.0,129713.43448922783
1549.0,111190.82597642159
1550.0,130227.6672929856
1551.0,126572.79039151501
1552.0,136237.82337046415
1554.0,129298.87996154814
1555.0,171608.21166079002
1558.0,98600.40617982205
1560.0,128990.13757312205
1562.0,124143.73096902296
1563.0,95896.2092298842
1565.0,154401.08056351822
1567.0,58834.37591604353
1569.0,117074.67373391101
1570.0,150444.8162669947
1571.0,118713.4844662312
1572.0,131968.0678527644
1573.0,245391.58648375957
1575.0,225926.7712212319
1576.0,225609.50304825325
1577.0,205109.34276772942
1578.0,141443.2005880205
1579.0,133174.26933716168
1581.0,126072.34850186133
1582.0,111434.23378319293
1583.0,304960.38374114246
1584.0,242608.40431519807
1587.0,89464.39305785066
1588.0,124151.34253259655
1589.0,83431.23379137134
1590.0,150740.76957755303
1592.0,137857.4173211602
1596.0,249240.68605972314
1597.0,194097.9077926383
1598.0,192393.32594029
1599.0,205888.12814535853
1600.0,211183.12123677297
1601.0,-5040.79522204469
1602.0,131808.39133536676
1603.0,58687.37523324019
1604.0,255370.32010220364
1605.0,261032.70318199298
1606.0,168512.85366401728
1608.0,224891.58128989488
1609.0,197430.79334922787
1610.0,141232.44425543863
1611.0,151215.76770640048
1612.0,174818.37036102056
1614.0,115134.23517770832
1617.0,80029.59552660817
1618.0,117514.52068378148
1619.0,117194.4773356719
1620.0,192600.30245953822
1621.0,139479.94997461815
1622.0,124980.58255142486
1623.0,263639.1032676678
1624.0,205863.72223233827
1625.0,123261.50828077481
1626.0,197460.65335178678
1627.0,189153.95225699665
1629.0,195287.38395214803
1630.0,307495.3235508769
1631.0,222031.07952083345
1632.0,238787.02834934182
1633.0,184782.3861146383
1634.0,189013.1699074672
1636.0,172296.51046290714
1637.0,179597.99266706873
1639.0,199496.73611173662
1641.0,201591.79537573783
1642.0,228838.43725464074
1646.0,166288.82188543398
1647.0,182097.56113100494
1650.0,92909.4706173744
1651.0,108402.21138342773
1652.0,132551.17536337674
1653.0,130332.35670860228
1654.0,166190.5380599955
1655.0,165972.1607601312
1656.0,162110.0557136112
1657.0,167467.25395431137
1658.0,162748.41366076935
1659.0,144371.4767754227
1661.0,386695.08347468683
1662.0,332287.96237064386
1663.0,336235.2203922565
1664.0,404852.351798672
1665.0,310212.14789841557
1666.0,305207.3608965869
1667.0,300759.40570685035
1668.0,316479.7631508943
1669.0,279776.6921498664
1670.0,314513.9816748162
1671.0,262031.0419731706
1672.0,377049.6322336537
1673.0,290186.5160617714
1674.0,281221.8471827337
1675.0,199659.73585767113
1676.0,196561.0338690509
1677.0,220789.72492208472
1678.0,399295.2198443236
1679.0,318093.1076814956
1680.0,307115.2485067311
1681.0,281046.1781467139
1682.0,280898.549282609
1683.0,219032.05964672123
1684.0,201295.02017132426
1685.0,180361.6349145323
1686.0,197529.28298963723
1687.0,186575.1373717112
1688.0,217926.51221777312
1689.0,208535.46084239054
1693.0,177532.3324137223
1694.0,178520.03630919638
1695.0,188182.23796756356
1697.0,188308.44162142603
1698.0,326938.090280337
1700.0,247613.81035858975
1702.0,280133.53959502326
1703.0,277756.0092847161
1704.0,285501.1987523562
1705.0,248603.5350314402
1706.0,365794.9241457542
1708.0,215614.48240962252
1709.0,298472.3564508462
1710.0,256927.05546031473
1711.0,263564.8256922632
1712.0,282058.14958044444
1713.0,249048.0888577532
1714.0,218098.80370197585
1715.0,205297.19258625247
1716.0,203785.6628339365
1717.0,193263.5330084709
1719.0,211587.61978137097
1720.0,257959.94171103858
1721.0,195091.32291428116
1723.0,148304.0714044494
1724.0,228886.24628387764
1725.0,238246.29379807902
1726.0,176269.92993043084
1727.0,169998.38517418224
1728.0,187587.3155563795
1731.0,107437.55989038735
1736.0,100607.99745550845
1739.0,293302.2401037668
1742.0,178770.00843064324
1743.0,192670.0023817455
1745.0,221975.6760883201
1746.0,247204.45126312692
1748.0,237019.6833365776
1749.0,151947.72075285786
1750.0,151702.1918421262
1752.0,99059.43726690044
1753.0,155122.25248745736
1754.0,230142.79192592786
1756.0,90916.71785976784
1757.0,93872.34971817606
1760.0,174064.39050941798
1761.0,165594.5370669642
1763.0,175885.35918681393
1764.0,98550.00309744896
1765.0,184103.7185694538
1766.0,173256.84580837027
1767.0,217345.24856735626
1768.0,117458.5414873166
1770.0,135872.38338872232
1771.0,115712.84286982962
1772.0,128652.0368688961
1773.0,117052.07154776249
1774.0,190873.6186173521
1775.0,127963.42525253794
1776.0,103017.94184592064
1777.0,77490.82639557542
1778.0,118554.98448343575
1780.0,190642.72695798613
1781.0,108621.60129594267
1782.0,47454.461661774665
1783.0,143288.82374527096
1784.0,77914.23093089159
1785.0,95931.32890015375
1786.0,157937.45130915288
1787.0,181607.40217326907
1789.0,88238.36288343742
1790.0,41791.858390320325
1791.0,253039.1405266663
1792.0,165537.00560267153
1793.0,152801.21677943622
1794.0,150592.71475795144
1795.0,134273.09082732024
1796.0,129660.79995339923
1797.0,145406.68168330356
1798.0,106367.37805053522
1799.0,75242.50219142577
1800.0,102811.21127033979
1801.0,110230.77915587137
1802.0,169108.691798853
1803.0,183502.70374608506
1804.0,125339.78671678458
1805.0,140373.09549782192
1806.0,142117.97327719885
1807.0,157057.8373495806
1808.0,117550.63397704205
1810.0,129196.34392553242
1813.0,114143.83207944152
1814.0,59872.60481270356
1816.0,73220.39349474199
1817.0,99554.65292325779
1818.0,149260.3184071558
1819.0,146196.9657555488
1821.0,128379.77204441535
1822.0,167730.263249462
1825.0,129023.80646311026
1826.0,103290.8118176898
1827.0,108538.65916439844
1828.0,121096.20198228094
1829.0,137158.35516365827
1830.0,155613.49278152222
1831.0,178296.15445100842
1833.0,145868.00602141162
1836.0,144302.687365636
1838.0,129313.72398480494
1839.0,68173.34378205542
1842.0,81387.13069086219
1843.0,147803.56295696064
1845.0,143308.92398294574
1846.0,156798.54684910597
1850.0,106811.72958274023
1851.0,145400.77299323678
1852.0,113207.00603540172
1853.0,118946.01558992802
1854.0,172857.62222586782
1855.0,170587.40448158747
1856.0,223825.03365826397
1860.0,181188.64137946093
1865.0,324069.5766109447
1866.0,313191.77665315336
1867.0,262331.79641556484
1868.0,293222.03313645464
1869.0,217893.35267355014
1870.0,236564.2861255596
1871.0,265142.41446201224
1872.0,179819.0809101474
1874.0,130478.81458401424
1875.0,203957.30523952935
1876.0,200277.73614069703
1877.0,211166.2264072881
1878.0,231038.72172291344
1880.0,118072.85791061842
1881.0,251332.93385049724
1885.0,247844.23376801074
1887.0,222742.45955575304
1888.0,274311.4071269387
1889.0,175155.98052489478
1890.0,110476.60249484447
1891.0,158804.43764778925
1892.0,74584.71649447293
1893.0,111329.253318117
1895.0,152905.75302198902
1896.0,121447.4879049561
1897.0,127864.55467756605
1898.0,120160.23499760218
1899.0,157254.89243073575
1900.0,155838.62244840572
1901.0,143380.69017985533
1902.0,120882.0868793996
1904.0,123923.84562555887
1905.0,180629.4620926897
1906.0,152313.61222227546
1907.0,218232.9790997235
1908.0,142342.58908372629
1909.0,156666.42969893874
1910.0,151573.49844674603
1913.0,167511.0359918042
1914.0,36008.565764849074
1915.0,254947.1945479887
1917.0,261307.0433577092
1918.0,142878.75011082366
1919.0,179562.14329381264
1920.0,173379.9017106737
1921.0,333221.5395704729
1922.0,298556.1410058823
1924.0,232760.82427862543
1925.0,223190.86435054243
1926.0,328197.66559892637
1927.0,121381.60270123254
1928.0,170261.72456824826
1929.0,96267.15043623373
1930.0,143178.00809710776
1931.0,145316.22440758022
1932.0,134100.65792664117
1933.0,178469.77934849658
1934.0,188370.21417486062
1935.0,177351.36426455784
1936.0,177122.44388165977
1938.0,154109.58019365696
1939.0,254464.681888198
1940.0,206603.8300733706
1941.0,189417.53031811607
1943.0,218231.28272931697
1944.0,290550.54111528234
1945.0,307442.62123887707
1947.0,286765.83828446735
1949.0,227925.1918550136
1951.0,269208.7082910347
1952.0,233468.25703390315
1953.0,185480.59799902444
1954.0,226708.8290877114
1955.0,127538.03879818646
1957.0,180752.28494849568
1959.0,150600.3354386408
1960.0,83481.7373428957
1961.0,114240.37516307109
1962.0,127549.47194030415
1963.0,133281.15397696756
1964.0,119563.94171109213
1965.0,153095.08782656747
1966.0,156130.42981337383
1967.0,271670.96632172423
1968.0,339161.93357624323
1969.0,323474.8655642513
1970.0,355959.56298287516
1971.0,395485.63945714664
1972.0,338942.03368040733
1973.0,274669.88436781336
1974.0,290615.2318734769
1975.0,402585.15818471764
1976.0,279238.5816597701
1977.0,347082.29146040464
1978.0,325133.81830285164
1979.0,325179.7487830494
1980.0,220742.06413800362
1981.0,330896.5155044545
1982.0,241851.48811973305
1983.0,242541.3782470536
1984.0,198745.46762293973
1987.0,200416.82315727253
1988.0,184724.79216701584
1991.0,219868.52844078466
1992.0,246342.50542164873
1994.0,238747.53835947393
1995.0,208722.2035229276
1996.0,310200.75988788507
1998.0,308193.9177938327
1999.0,260912.697582145
2001.0,264756.8168669983
2002.0,241846.3535005136
2003.0,274312.18336825096
2004.0,280046.97045129654
2006.0,229753.00619748211
2007.0,275173.5131617235
2008.0,200479.43954592594
2009.0,185342.18331474718
2010.0,207639.76515048812
2012.0,190971.21785670286
2013.0,172882.92697721068
2014.0,180237.22421992244
2015.0,197895.06623854674
2016.0,187075.23400807707
2017.0,199094.79244726477
2018.0,118901.83323201258
2019.0,131460.01762348693
2020.0,101261.88709474308
2021.0,94715.40181681653
2022.0,193959.4330878337
2023.0,150779.21923103603
2025.0,351774.3388647272
2026.0,191092.88509833696
2027.0,152482.96006143
2028.0,186893.96130869957
2029.0,173490.41036332864
2032.0,261695.5213228669
2033.0,268447.0753835011
2034.0,185764.95331042516
2035.0,238251.3909121696
2036.0,234228.56918248627
2037.0,235124.28007858666
2038.0,321773.0428936295
2039.0,217301.2439416144
2044.0,204302.518503875
2046.0,156876.23185434984
2047.0,132514.32244176767
2048.0,131055.78709531715
2049.0,172439.3407361596
2052.0,118700.93132582936
2054.0,50034.23644336057
2055.0,142282.43395257462
2056.0,140671.63794058748
2057.0,104072.57221726328
2058.0,221481.38837878266
2059.0,141370.845978559
2060.0,151704.02765097562
2061.0,179726.06932881428
2062.0,111977.45995334676
2063.0,83252.85147174355
2064.0,130545.99977462203
2066.0,200010.6554210682
2068.0,166777.5458651851
2070.0,89702.18664805056
2071.0,74035.38804739225
2072.0,178511.12213557912
2073.0,122946.39458930772
2074.0,208080.08587234886
2076.0,113199.66655784613
2077.0,121745.35605402314
2078.0,108605.49916549306
2079.0,131602.040250408
2080.0,114124.67280047247
2081.0,126069.21104838094
2083.0,133690.3840565004
2084.0,87646.91700648284
2085.0,112861.17717035254
2086.0,148193.4715533296
2087.0,134017.99823852605
2088.0,120845.05048088892
2089.0,68794.81135581108
2090.0,148846.7838292173
2092.0,119245.72520626197
2093.0,127708.50219577621
2095.0,178345.42638220103
2096.0,68010.88857876277
2098.0,151129.70542080095
2099.0,-8783.814828312956
2101.0,141903.38686797582
2102.0,149986.34647396905
2103.0,94913.11028309073
2104.0,158986.64693824598
2106.0,29358.250069620553
2107.0,231160.41929798666
2108.0,107118.59884902625
2109.0,102506.11105583259
2110.0,122101.55589972762
2113.0,117998.0428771812
2114.0,126011.25144153647
2115.0,167186.0335940544
2116.0,123916.1916538314
2117.0,162734.51905033085
2118.0,129633.85815859493
2119.0,107348.60632899823
2120.0,123571.34284756565
2122.0,72631.82601983799
2124.0,190446.2891376242
2125.0,141139.8212969012
2126.0,176906.88292521704
2128.0,128455.52113783523
2130.0,138353.51260123122
2131.0,185303.35926906508
2133.0,132704.53217239282
2134.0,127667.30604222277
2135.0,97138.00860798662
2137.0,117358.99449236575
2139.0,163235.16534842364
2140.0,125030.76867702557
2144.0,108982.60133828595
2145.0,122546.58107164898
2146.0,153460.34195322776
2148.0,126566.32160907658
2150.0,220331.66683647595
2151.0,137962.5233234656
2153.0,146991.255668598
2155.0,153075.11445508827
2157.0,236050.49057025742
2159.0,224128.80333498586
2160.0,196032.19911531475
2161.0,276628.51683838596
2162.0,388399.33660251135
2163.0,330480.4786816011
2166.0,134675.7006667764
2169.0,202283.4898902343
2170.0,213514.71868869243
2173.0,145503.46150027425
2177.0,255046.92017009016
2178.0,247127.92241868936
2180.0,223378.60169107467
2181.0,207837.53326448915
2182.0,239641.11213182728
2183.0,209153.65341988672
2184.0,113416.26523258374
2185.0,123120.87051493488
2188.0,172302.6491172358
2195.0,76278.92647774052
2196.0,78162.39599241829
2197.0,102639.46080255136
2198.0,171530.9328213972
2199.0,185193.48571532872
2200.0,132308.24684170051
2201.0,137770.67029964272
2202.0,192515.89956655353
2206.0,140050.00484896312
2207.0,238380.38500477187
2208.0,235828.96533117257
2209.0,187466.38609748147
2210.0,142819.50795676745
2211.0,120977.98812240688
2212.0,132351.47139699478
2214.0,141139.2091434705
2215.0,100365.96400156384
2216.0,150778.66637186613
2220.0,49254.64254154591
2221.0,257411.87977845804
2222.0,232323.63185095135
2226.0,160546.7010409017
2227.0,217236.0506388552
2228.0,262631.5241075393
2229.0,247863.9886734623
2230.0,137988.74604800786
2231.0,210976.90322697046
2232.0,197856.79525206913
2233.0,186844.26214365568
2234.0,246263.56243606168
2236.0,265652.3831643413
2237.0,317788.47437808313
2238.0,223137.96372399246
2240.0,161591.12670356105
2241.0,132479.27842360782
2243.0,131431.8593141681
2244.0,90668.28674152656
2245.0,84063.04164673481
2248.0,101451.76105014724
2249.0,117217.72546965652
2250.0,122019.16422306257
2252.0,200318.42833058978
2253.0,163329.33400411904
2256.0,183998.9306962504
2257.0,213561.87256286596
2260.0,167782.14412835846
2261.0,196123.6351277493
2262.0,220108.23881322495
2263.0,296765.090924405
2264.0,393047.64621574595
2265.0,172406.9687384104
2266.0,279470.4018222599
2267.0,341005.55164590897
2268.0,338069.2857784375
2270.0,206951.42629830632
2271.0,229254.7369609021
2272.0,231256.7151352449
2273.0,160050.27915637707
2274.0,188329.40794327436
2275.0,200117.84605444316
2276.0,196904.34774103644
2277.0,191265.09063002304
2278.0,152120.3305946039
2279.0,121639.76831348264
2281.0,185885.34303548513
2282.0,185395.50768831884
2283.0,142215.25602925592
2284.0,142664.3681091976
2285.0,151119.17319892813
2286.0,110456.66957551311
2287.0,311592.96725359745
2288.0,287023.46747429366
2289.0,308216.3107505073
2290.0,368161.72633204143
2291.0,303689.53857130813
2292.0,364784.6882854635
2293.0,385072.21186405746
2294.0,354579.65575458365
2295.0,403728.9372200072
2296.0,287796.3961519457
2297.0,287787.4553521259
2298.0,320676.70100246905
2299.0,354316.7046055433
2300.0,300063.2170231831
2302.0,246767.51609885367
2303.0,258276.77671542298
2304.0,262075.0075683843
2305.0,203561.90209085657
2306.0,203561.90209085657
2307.0,199523.33811596036
2308.0,255645.35452877125
2309.0,284420.2966524204
2310.0,240288.70466902666
2311.0,221515.66410507448
2313.0,181000.53346198518
2314.0,188046.3763874101
2315.0,183072.75711603533
2316.0,185636.86406915658
2317.0,175211.54311446892
2318.0,172065.4615111458
2319.0,190173.34682458267
2320.0,195172.3870811027
2322.0,203616.00292120082
2323.0,175859.48113571922
2324.0,191954.44482948142
2325.0,225686.9916726742
2327.0,224692.63293420244
2329.0,191188.99023367185
2330.0,190695.15584674478
2331.0,341094.3845804599
2332.0,356452.6710464591
2333.0,298144.6070351426
2334.0,261588.31630943855
2335.0,272210.809579283
2336.0,317946.4232945277
2337.0,207273.83568386477
2338.0,270287.4924445341
2339.0,256121.5467741799
2340.0,370322.2421832443
2342.0,241336.7749047922
2343.0,238637.49161216174
2344.0,223944.22576266597
2345.0,260388.6549876579
2346.0,227836.91064486513
2347.0,205864.86203219788
2348.0,239100.43867168017
2351.0,254522.31432134542
2352.0,272008.5509652912
2353.0,261175.1720961188
2356.0,156259.8648021156
2357.0,221937.8821167897
2359.0,158192.73322838894
2360.0,107223.2324294739
2361.0,129475.96743001603
2363.0,120998.7990082691
2364.0,170681.62615949963
2365.0,235768.610742565
2366.0,209101.4521572285
2367.0,232452.6601030121
2368.0,209143.9905766726
2370.0,187049.09416484926
2371.0,170582.1307096735
2372.0,202392.3576069544
2374.0,311377.9567733684
2375.0,236861.31768448837
2376.0,281875.3281239392
2377.0,312884.2895563077
2378.0,145194.61393129523
2379.0,231290.62738582585
2381.0,169491.5101327782
2382.0,211889.3626214282
2383.0,223735.15190946008
2384.0,238895.88421617635
2385.0,151236.48351159482
2386.0,138981.62050813995
2387.0,122377.09910615324
2389.0,119597.75935405283
2391.0,137589.79342354834
2392.0,96783.00203251629
2393.0,182635.3599208251
2394.0,134895.90441080253
2395.0,216815.9263029953
2398.0,114637.54145967215
2401.0,106964.9298910615
2402.0,116009.04910812387
2403.0,168927.44304410508
2405.0,174809.96764881676
2406.0,133799.0231963573
2407.0,105312.94849285344
2408.0,128894.12749027391
2409.0,129582.52568982588
2410.0,222951.77003122936
2411.0,96521.65804725536
2412.0,146352.6116342072
2413.0,115284.27628792776
2414.0,128560.20005263411
2415.0,157081.268952786
2416.0,119978.5853783891
2417.0,123536.11295307754
2418.0,113312.74937507324
2419.0,110831.61149711488
2420.0,121387.49982549576
2421.0,120536.86702263285
2425.0,237444.96969404258
2426.0,112667.19942400162
2428.0,213098.68073433824
2429.0,96266.4216681316
2430.0,127814.48865436506
2431.0,119847.90688442788
2433.0,127665.38848300814
2434.0,121749.82910015201
2435.0,154099.94031157647
2437.0,94935.49784113234
2438.0,112080.63311882596
2439.0,112172.99829396955
2440.0,134819.25814793352
2441.0,94575.65785592818
2442.0,109841.06250680797
2443.0,128795.62741208333
2444.0,137033.4119861112
2445.0,60411.2901137711
2446.0,99857.95732412417
2448.0,154820.29792763875
2449.0,97311.74962320132
2450.0,154272.8436235329
2451.0,136692.96671810863
2452.0,219086.02103575668
2455.0,120204.42939952784
2456.0,113459.93852132512
2457.0,111719.57870977209
2458.0,133907.66066980246
2459.0,83279.65107112192
2461.0,103653.36475208518
2462.0,135470.08323006192
2463.0,102440.48412546795
2464.0,187519.49394570733
2465.0,137153.76029161597
2466.0,116031.54836139386
2468.0,80186.65738444566
2469.0,90884.22870126227
2470.0,210423.76918553608
2471.0,226353.56071351422
2472.0,194365.72138354275
2473.0,89693.77199275512
2475.0,235825.91229138663
2476.0,104884.8337792377
2477.0,106224.42955480702
2478.0,167853.70304428227
2479.0,91584.17333158781
2480.0,140246.55606866535
2482.0,123182.68212832883
2483.0,103026.09727828111
2486.0,154143.84262919612
2487.0,214773.47492309194
2488.0,181277.7967665603
2489.0,172765.80691247177
2495.0,74945.20590012916
2496.0,240832.55230693193
2497.0,147617.81966624362
2498.0,99775.70338763087
2500.0,118044.41614627163
2501.0,121029.66583524388
2502.0,149265.91499302257
2503.0,80760.12840018189
2504.0,195808.78217414813
2505.0,222301.3174772961
2506.0,284425.2045624135
2507.0,298006.36540503334
2508.0,284240.96526615345
2509.0,238533.53521544673
2510.0,258900.65588744916
2511.0,198278.1017503955
2512.0,214631.17264979775
2514.0,247264.74206829653
2516.0,160484.45519373403
2517.0,127623.82959872345
2518.0,131649.75741732446
2519.0,226907.10002584406
2520.0,225589.8178362972
2521.0,203465.70146331098
2523.0,112213.94805648807
2524.0,129928.1180579178
2526.0,136741.0194564655
2527.0,106498.49089624314
2528.0,111395.76884473488
2529.0,126651.69578758953
2530.0,106670.85350855812
2532.0,233056.39179199748
2533.0,214449.13259229995
2534.0,261266.43605919112
2537.0,236865.3413774222
2538.0,198112.8060281172
2539.0,192596.61471929308
2540.0,189057.91643173248
2541.0,205671.42365440284
2542.0,148879.1927372592
2543.0,121805.96514527197
2544.0,98498.46876752726
2545.0,131572.51943329442
2546.0,157372.11242677225
2547.0,161336.9821904716
2549.0,147596.8628226712
2550.0,622098.8317852428
2551.0,158242.04868464242
2552.0,118927.79973872169
2555.0,120984.86785799358
2556.0,75414.96398514602
2557.0,81044.89081940684
2559.0,119696.76997961011
2560.0,147579.9677488762
2561.0,151856.98493540334
2562.0,130644.36091757356
2563.0,148904.80745033477
2564.0,186218.77560976194
2566.0,132219.39953166898
2567.0,108239.13834014442
2570.0,143379.2743114191
2572.0,189768.33529082825
2574.0,268262.12447170704
2575.0,138185.07109900005
2578.0,68480.93000867241
2581.0,117027.89884182485
2582.0,108821.82761307224
2583.0,264340.81932802894
2585.0,186882.1717479811
2586.0,217652.8479572134
2589.0,155341.48013092577
2590.0,231649.03245347505
2591.0,248405.3554671039
2592.0,223571.8130853246
2594.0,183073.9581693285
2596.0,307997.0164928525
2599.0,340128.86784242303
2601.0,154591.807053535
2602.0,78455.76324557234
2605.0,84969.0164834389
2606.0,144317.3676462602
2608.0,195270.70316366595
2609.0,148042.81188684586
2613.0,101672.84820565907
2614.0,109757.27293151757
2616.0,153883.4361962839
2619.0,242537.2030940624
2620.0,176378.70847881283
2622.0,189482.65706961392
2623.0,265062.29157704813
2624.0,283228.69826820353
2625.0,297654.78232174413
2627.0,195865.42138255178
2628.0,347629.7391340127
2629.0,398524.02084269235
2630.0,318678.55328514683
2631.0,388980.63527190965
2632.0,343879.443607019
2633.0,288014.12206677906
2634.0,335185.3363671154
2636.0,212331.4713489581
2638.0,248522.7878998099
2639.0,197859.56120918575
2640.0,150624.7260814649
2641.0,93978.41806811071
2642.0,180886.26727060135
2643.0,148891.36293513724
2644.0,147403.12391325785
2645.0,131960.96182472748
2646.0,130396.93380378862
2647.0,139403.74418103858
2648.0,147303.7785670543
2649.0,139571.3982063739
2650.0,149721.35350241791
2651.0,162425.5355125356
2652.0,347691.63383255806
2653.0,277559.9889279071
2654.0,258024.03757097223
2655.0,338712.538040441
2656.0,319307.25612417934
2657.0,309273.3418188221
2659.0,285647.14010951854
2660.0,306007.6042529838
2661.0,319590.4021003535
2662.0,324165.84074239107
2664.0,279177.563971685
2665.0,312685.2558016509
2666.0,297351.9071408021
2667.0,181211.12380672828
2668.0,194956.6075440389
2669.0,178225.75469601527
2670.0,288487.09484159807
2671.0,195325.08613655902
2672.0,208168.39449827
2675.0,185886.00783573696
2676.0,209042.70763019565
2679.0,275812.14233923075
2680.0,287129.0709857526
2682.0,312683.62459934177
2683.0,396761.4898631796
2686.0,275892.1177095054
2688.0,238434.67262215284
2689.0,220350.3020638395
2690.0,343818.5206449283
2691.0,191327.84407275682
2693.0,215761.81104487693
2695.0,212570.3138068067
2696.0,200937.53562559164
2697.0,197037.31544787693
2698.0,176421.30516307265
2699.0,174172.41772193485
2700.0,160173.26722014626
2702.0,123029.62999326037
2706.0,104355.35456596687
2711.0,303926.0257509006
2712.0,356513.6413877078
2713.0,204696.7610490655
2714.0,171351.8694017306
2717.0,202387.7568299314
2718.0,247991.42532698927
2719.0,134369.82259208453
2720.0,187410.52570874244
2721.0,123730.31376314955
2722.0,161609.00347496592
2723.0,168082.68138065538
2724.0,103884.55501269316
2726.0,136665.3300598152
2727.0,192019.91190319648
2729.0,140732.7220086255
2730.0,123720.99003966618
2731.0,107515.12113407324
2732.0,106205.85926889419
2733.0,162514.51694405265
2734.0,150114.89155426854
2735.0,116754.09063444892
2736.0,141535.00034037372
2737.0,101530.04499642132
2740.0,145006.65680348687
2741.0,135228.2793974299
2743.0,142336.70462549082
2744.0,160978.19106953498
2745.0,150140.68883533753
2746.0,116471.26786061516
2747.0,160723.5356836964
2748.0,112642.92769004987
2749.0,114863.20606427174
2750.0,106018.7300270067
2751.0,103545.45829530968
2752.0,247783.51103312848
2753.0,167107.2594796589
2754.0,243599.16253278241
2755.0,142112.84984347876
2756.0,57599.8088624815
2757.0,47264.356128658634
2758.0,59963.15040931711
2759.0,146483.6856700722
2760.0,130484.19003229216
2761.0,160103.75834079226
2762.0,152653.2891484117
2763.0,206145.05196739663
2766.0,110187.84793715295
2769.0,114852.93070446374
2770.0,161608.23275721283
2771.0,97307.03570042527
2773.0,160327.19069366134
2774.0,135555.86022169562
2775.0,125054.6627710776
2776.0,149983.94487799238
2777.0,163164.47557327594
2778.0,127594.6037966949
2779.0,118633.02390063857
2780.0,112104.3155119489
2781.0,76573.22308830917
2782.0,72040.11857829336
2783.0,53601.46086840681
2784.0,109618.94590772572
2785.0,124673.66571188928
2786.0,6830.569272735156
2787.0,121197.17934246524
2788.0,34786.612164282706
2789.0,211864.25326048536
2791.0,114375.94822857738
2793.0,177944.6032797997
2794.0,50437.73376068752
2795.0,111311.34434371023
2796.0,72130.28090936062
2797.0,224363.47639868455
2798.0,81117.53446362098
2799.0,118818.843588789
2801.0,114221.0909837929
2802.0,127129.78055241494
2803.0,201585.58777379082
2806.0,76048.23080546106
2807.0,166210.285103217
2809.0,121131.20098244702
2810.0,112378.47047939803
2814.0,198078.73942632182
2817.0,138341.37373143644
2818.0,113907.81852384727
2820.0,116284.31201917259
2821.0,115943.97288463684
2822.0,196084.97515731514
2823.0,297488.14096294856
2824.0,167036.66506239213
2826.0,129472.37200629455
2827.0,148178.65823355946
2828.0,235490.74527148064
2829.0,202414.6239893539
2830.0,243139.47996101668
2831.0,199083.3537633652
2832.0,227175.17416945565
2833.0,257009.0753653394
2834.0,222510.55162436515
2835.0,240898.401530731
2836.0,221647.55687248753
2837.0,172687.36887955852
2838.0,140866.90868950193
2839.0,178957.0566130858
2841.0,204372.40125483205
2842.0,223172.58653826173
2843.0,146152.59553858265
2844.0,165492.7103895403
2845.0,101462.15297462465
2847.0,199967.3443228572
2849.0,216306.4173447811
2850.0,277692.4413405538
2852.0,240307.45765730948
2853.0,232780.6203164286
2854.0,149318.04396869778
2855.0,207774.73096231674
2856.0,211760.86221808568
2857.0,201772.43705282058
2858.0,201439.76063670963
2859.0,106287.94713784056
2861.0,122762.48042932688
2862.0,229854.37199109886
2864.0,253283.4734048138
2865.0,158873.4266605212
2866.0,202735.67700814456
2867.0,61683.617992469575
2868.0,129571.27724910364
2869.0,107333.14124919917
2870.0,129297.71173930354
2872.0,-9978.121474935906
2873.0,87760.4456847466
2874.0,111075.57125919429
2875.0,132667.7533382119
2876.0,186579.14120911923
2877.0,122888.92189219827
2878.0,166035.18283764506
2879.0,129378.61594547913
2880.0,100334.08732171985
2881.0,144688.3531334796
2882.0,142250.53442027327
2883.0,188134.23567691701
2884.0,209612.9582878407
2885.0,163443.59931071126
2886.0,211888.4292433404
2887.0,88510.69545759074
2888.0,131141.3148844482
2890.0,43437.66435814882
2891.0,158557.04006591276
2895.0,269627.21931908187
2896.0,255370.32010220364
2897.0,196867.91318242298
2898.0,198922.19083442492
2899.0,230844.49894346693
2900.0,164527.582025558
2903.0,301776.82805438153
2904.0,315196.6995291128
2906.0,221916.55611529644
2907.0,120844.63766402239
2908.0,113690.77080422523
2911.0,78455.76324557234
2912.0,157517.50141173904
2913.0,78752.87963229232
2916.0,81138.86880049086
2917.0,164688.98135223053
2919.0,240169.71923986543
